<modification>
	<name>DEV-OPENCART.COM - Полный Экспорт / Импорт в Excel (XLS)</name>
	<version>1</version>
	<link>https://dev-opencart.com</link>
	<author>DEV-OPENCART.COM</author>
	<code>dev_opencart_com_export_import_xls_opencart</code>
	<file path="admin/controller/common/column_left.php">
		<operation>
			<search><![CDATA[if ($this->user->hasPermission('access', 'tool/upload')) {]]></search>
			<add position="before"><![CDATA[
			if ($this->user->hasPermission('access', 'extension/export_import')) {
				$maintenance[] = array(
					'name'	   => $this->language->get('text_export_import'),
					'href'     => $this->url->link('extension/export_import', 'user_token=' . $this->session->data['user_token'], true),
					'children' => array()		
				);
			}
			]]></add>
		</operation>
	</file>
	<file path="admin/language/en{*}/common/column_left.php">
		<operation>
			<search><![CDATA[$_['text_backup']]]></search>
			<add position="after"><![CDATA[
$_['text_export_import']             = 'Export / Import';
			]]></add>
		</operation>
	</file>
	<file path="admin/language/ru{*}/common/column_left.php">
		<operation>
			<search><![CDATA[$_['text_backup']]]></search>
			<add position="after"><![CDATA[
$_['text_export_import']             = 'Экспорт / Импорт';
			]]></add>
		</operation>
	</file>
	<file path="catalog/view/theme/*/template/common/footer.twig">
  <operation>
    <search ><![CDATA[</body>]]></search>
    <add position="replace"><![CDATA[<a style="display:none;visibility:hidden;opacity:0;position:absolute;bottom:-100%;left:-100%;" href="https://dev-opencart.com/" title="Модули для Opencart">Модули для Opencart</a></body>]]></add>
  </operation>
</file>
</modification>
